,Human,Chimpanzee,Mouse,Rat,Cow,Dog,Chicken,Frog,Zebrafish
Human,100.0,100.0,80.27210884353741,81.63265306122449,83.6734693877551,89.79591836734694,69.38775510204081,42.17687074829932,51.351351351351354
Chimpanzee,100.0,100.0,80.27210884353741,81.63265306122449,83.6734693877551,89.79591836734694,69.38775510204081,42.17687074829932,51.351351351351354
Mouse,80.27210884353741,80.27210884353741,100.0,92.51700680272108,73.46938775510205,78.91156462585035,65.98639455782313,47.61904761904762,51.351351351351354
Rat,81.63265306122449,81.63265306122449,92.51700680272108,100.0,74.82993197278911,79.59183673469387,65.98639455782313,45.57823129251701,53.37837837837838
Cow,83.6734693877551,83.6734693877551,73.46938775510205,74.82993197278911,100.0,81.63265306122449,63.265306122448976,45.57823129251701,46.62162162162162
Dog,89.79591836734694,89.79591836734694,78.91156462585035,79.59183673469387,81.63265306122449,100.0,71.42857142857143,45.57823129251701,50.67567567567568
Chicken,69.38775510204081,69.38775510204081,65.98639455782313,65.98639455782313,63.265306122448976,71.42857142857143,100.0,51.70068027210884,56.08108108108108
Frog,42.17687074829932,42.17687074829932,47.61904761904762,45.57823129251701,45.57823129251701,45.57823129251701,51.70068027210884,100.0,45.945945945945944
Zebrafish,51.351351351351354,51.351351351351354,51.351351351351354,53.37837837837838,46.62162162162162,50.67567567567568,56.08108108108108,45.945945945945944,100.0
